{"cameraMode":{"drawMode":0,"name":"Shaded","section":"Shading Mode"},"sceneLighting":false,"audioPlay":false,"sceneViewState":{"m_AlwaysRefresh":false,"showFog":true,"showSkybox":false,"showFlares":true,"showImageEffects":true,"showParticleSystems":true,"showVisualEffectGraphs":true,"m_FxEnabled":true},"in2DMode":false,"pivot":{"x":3.1642632484436037,"y":1.6031041145324708,"z":2.4857959747314455},"rotation":{"x":0.003845994360744953,"y":0.9918158054351807,"z":-0.12412586063146591,"w":0.031500864773988727},"size":2.0180857181549074,"orthographic":false}